Date,Holiday,Day
1/1/2010,New Year's Day 2010,Friday
1/18/2010,Martin Luther King Day 2010,Monday
1/24/2010,Belly Laugh Day 2010,Sunday
2/2/2010,Groundhog Day 2010,Tuesday
2/12/2010,Lincoln's Birthday 2010,Friday
2/14/2010,Valentine's Day 2010,Sunday
2/15/2010,Presidents Day and Washington's Birthday 2010,Monday
2/16/2010,Mardi Gras Carnival 2010,Tuesday
3/14/2010,Spring Daylight Saving 2010,Sunday
3/17/2010,St. Patrick's Day 2010,Wednesday
4/1/2010,April Fool's Day 2010,Thursday
4/2/2010,Good Friday 2010,Friday
4/4/2010,Easter 2010,Sunday
4/5/2010,Easter Monday 2010,Monday
4/22/2010,Earth Day 2010,Thursday
5/5/2010,Cinco de Mayo 2010,Wednesday
5/9/2010,Mother's Day 2010,Sunday
5/15/2010,Armed Forces Day 2010,Saturday
5/23/2010,Pentecost 2010,Sunday
5/24/2010,Pentecost Monday 2010,Monday
5/31/2010,Memorial Day 2010,Monday
6/14/2010,Flag Day 2010,Monday
6/20/2010,Father's Day 2010,Sunday
7/4/2010,Independence Day 2010,Sunday
7/25/2010,Parents' Day 2010,Sunday
9/6/2010,Labor Day 2010,Monday
9/11/2010,Patriot Day or September 11th 2010,Saturday
9/12/2010,Grandparents' Day 2010,Sunday
9/16/2010,Stepfamily Day 2010,Thursday
9/17/2010,Citizenship Day 2010,Friday
9/24/2010,Native American Day 2010,Friday
10/11/2010,Columbus Day 2010,Monday
10/16/2010,Boss's Day 2010,Saturday
10/16/2010,Sweetest Day 2010,Saturday
10/31/2010,Halloween 2010,Sunday
11/7/2010,Fall Daylight Saving 2010,Sunday
11/11/2010,Veterans' Day 2010,Thursday
11/25/2010,Thanksgiving 2010,Thursday
11/26/2010,Black Friday 2010,Friday
11/29/2010,Cyber Monday 2010,Monday
12/7/2010,Pearl Harbor Remembrance Day 2010,Tuesday
12/25/2010,Christmas Day 2010,Saturday
12/31/2010,New Year's Eve 2010,Friday
1/1/2011,New Year's Day 2011,Saturday
1/17/2011,Martin Luther King Day 2011,Monday
1/24/2011,Belly Laugh Day 2011,Monday
2/2/2011,Groundhog Day 2011,Wednesday
2/12/2011,Lincoln's Birthday 2011,Saturday
2/14/2011,Valentine's Day 2011,Monday
2/21/2011,Presidents Day and Washington's Birthday 2011,Monday
3/8/2011,Mardi Gras Carnival 2011,Tuesday
3/13/2011,Spring Daylight Saving 2011,Sunday
3/17/2011,St. Patrick's Day 2011,Thursday
4/1/2011,April Fool's Day 2011,Friday
4/22/2011,Good Friday 2011,Friday
4/22/2011,Earth Day 2011,Friday
4/24/2011,Easter 2011,Sunday
4/25/2011,Easter Monday 2011,Monday
5/5/2011,Cinco de Mayo 2011,Thursday
5/8/2011,Mother's Day 2011,Sunday
5/21/2011,Armed Forces Day 2011,Saturday
5/30/2011,Memorial Day 2011,Monday
6/12/2011,Pentecost 2011,Sunday
6/13/2011,Pentecost Monday 2011,Monday
6/14/2011,Flag Day 2011,Tuesday
6/19/2011,Father's Day 2011,Sunday
7/4/2011,Independence Day 2011,Monday
7/24/2011,Parents' Day 2011,Sunday
9/5/2011,Labor Day 2011,Monday
9/11/2011,Grandparents' Day 2011,Sunday
9/11/2011,Patriot Day or September 11th 2011,Sunday
9/16/2011,Stepfamily Day 2011,Friday
9/17/2011,Citizenship Day 2011,Saturday
9/23/2011,Native American Day 2011,Friday
10/10/2011,Columbus Day 2011,Monday
10/15/2011,Sweetest Day 2011,Saturday
10/17/2011,Boss's Day 2011,Monday
10/31/2011,Halloween 2011,Monday
11/6/2011,Fall Daylight Saving 2011,Sunday
11/11/2011,Veterans' Day 2011,Friday
11/24/2011,Thanksgiving 2011,Thursday
11/25/2011,Black Friday 2011,Friday
11/28/2011,Cyber Monday 2011,Monday
12/7/2011,Pearl Harbor Remembrance Day 2011,Wednesday
12/25/2011,Christmas Day 2011,Sunday
12/31/2011,New Year's Eve 2011,Saturday
1/1/2012,New Year's Day 2012,Sunday
1/16/2012,Martin Luther King Day 2012,Monday
1/24/2012,Belly Laugh Day 2012,Tuesday
2/2/2012,Groundhog Day 2012,Thursday
2/12/2012,Lincoln's Birthday 2012,Sunday
2/14/2012,Valentine's Day 2012,Tuesday
2/20/2012,Presidents Day and Washington's Birthday 2012,Monday
2/21/2012,Mardi Gras Carnival 2012,Tuesday
3/11/2012,Spring Daylight Saving 2012,Sunday
3/17/2012,St. Patrick's Day 2012,Saturday
4/1/2012,April Fool's Day 2012,Sunday
4/6/2012,Good Friday 2012,Friday
4/8/2012,Easter 2012,Sunday
4/9/2012,Easter Monday 2012,Monday
4/22/2012,Earth Day 2012,Sunday
5/5/2012,Cinco de Mayo 2012,Saturday
5/13/2012,Mother's Day 2012,Sunday
5/19/2012,Armed Forces Day 2012,Saturday
5/27/2012,Pentecost 2012,Sunday
5/28/2012,Memorial Day 2012,Monday
5/28/2012,Pentecost Monday 2012,Monday
6/14/2012,Flag Day 2012,Thursday
6/17/2012,Father's Day 2012,Sunday
7/4/2012,Independence Day 2012,Wednesday
7/22/2012,Parents' Day 2012,Sunday
9/3/2012,Labor Day 2012,Monday
9/9/2012,Grandparents' Day 2012,Sunday
9/11/2012,Patriot Day or September 11th 2012,Tuesday
9/16/2012,Stepfamily Day 2012,Sunday
9/17/2012,Citizenship Day 2012,Monday
9/28/2012,Native American Day 2012,Friday
10/8/2012,Columbus Day 2012,Monday
10/16/2012,Boss's Day 2012,Tuesday
10/20/2012,Sweetest Day 2012,Saturday
10/31/2012,Halloween 2012,Wednesday
11/4/2012,Fall Daylight Saving 2012,Sunday
11/11/2012,Veterans' Day 2012,Sunday
11/22/2012,Thanksgiving 2012,Thursday
11/23/2012,Black Friday 2012,Friday
11/26/2012,Cyber Monday 2012,Monday
12/7/2012,Pearl Harbor Remembrance Day 2012,Friday
12/25/2012,Christmas Day 2012,Tuesday
12/31/2012,New Year's Eve 2012,Monday
1/1/2013,New Year's Day 2013,Tuesday
1/21/2013,Martin Luther King Day 2013,Monday
1/24/2013,Belly Laugh Day 2013,Thursday
2/2/2013,Groundhog Day 2013,Saturday
2/12/2013,Lincoln's Birthday 2013,Tuesday
2/12/2013,Mardi Gras Carnival 2013,Tuesday
2/14/2013,Valentine's Day 2013,Thursday
2/18/2013,Presidents Day and Washington's Birthday 2013,Monday
3/10/2013,Spring Daylight Saving 2013,Sunday
3/17/2013,St. Patrick's Day 2013,Sunday
3/29/2013,Good Friday 2013,Friday
3/31/2013,Easter 2013,Sunday
4/1/2013,April Fool's Day 2013,Monday
4/1/2013,Easter Monday 2013,Monday
4/22/2013,Earth Day 2013,Monday
5/5/2013,Cinco de Mayo 2013,Sunday
5/12/2013,Mother's Day 2013,Sunday
5/18/2013,Armed Forces Day 2013,Saturday
5/19/2013,Pentecost 2013,Sunday
5/20/2013,Pentecost Monday 2013,Monday
5/27/2013,Memorial Day 2013,Monday
6/14/2013,Flag Day 2013,Friday
6/16/2013,Father's Day 2013,Sunday
7/4/2013,Independence Day 2013,Thursday
7/28/2013,Parents' Day 2013,Sunday
9/2/2013,Labor Day 2013,Monday
9/8/2013,Grandparents' Day 2013,Sunday
9/11/2013,Patriot Day or September 11th 2013,Wednesday
9/16/2013,Stepfamily Day 2013,Monday
9/17/2013,Citizenship Day 2013,Tuesday
9/27/2013,Native American Day 2013,Friday
10/14/2013,Columbus Day 2013,Monday
10/16/2013,Boss's Day 2013,Wednesday
10/19/2013,Sweetest Day 2013,Saturday
10/31/2013,Halloween 2013,Thursday
11/3/2013,Fall Daylight Saving 2013,Sunday
11/11/2013,Veterans' Day 2013,Monday
11/28/2013,Thanksgiving 2013,Thursday
11/29/2013,Black Friday 2013,Friday
12/2/2013,Cyber Monday 2013,Monday
12/7/2013,Pearl Harbor Remembrance Day 2013,Saturday
12/25/2013,Christmas Day 2013,Wednesday
12/31/2013,New Year's Eve 2013,Tuesday
1/1/2014,New Year's Day 2014,Wednesday
1/20/2014,Martin Luther King Day 2014,Monday
1/24/2014,Belly Laugh Day 2014,Friday
2/2/2014,Groundhog Day 2014,Sunday
2/12/2014,Lincoln's Birthday 2014,Wednesday
2/14/2014,Valentine's Day 2014,Friday
2/17/2014,Presidents Day and Washington's Birthday 2014,Monday
3/4/2014,Mardi Gras Carnival 2014,Tuesday
3/9/2014,Spring Daylight Saving 2014,Sunday
3/17/2014,St. Patrick's Day 2014,Monday
4/1/2014,April Fool's Day 2014,Tuesday
4/18/2014,Good Friday 2014,Friday
4/20/2014,Easter 2014,Sunday
4/21/2014,Easter Monday 2014,Monday
4/22/2014,Earth Day 2014,Tuesday
5/5/2014,Cinco de Mayo 2014,Monday
5/11/2014,Mother's Day 2014,Sunday
5/17/2014,Armed Forces Day 2014,Saturday
5/26/2014,Memorial Day 2014,Monday
6/8/2014,Pentecost 2014,Sunday
6/9/2014,Pentecost Monday 2014,Monday
6/14/2014,Flag Day 2014,Saturday
6/15/2014,Father's Day 2014,Sunday
7/4/2014,Independence Day 2014,Friday
7/27/2014,Parents' Day 2014,Sunday
9/1/2014,Labor Day 2014,Monday
9/7/2014,Grandparents' Day 2014,Sunday
9/11/2014,Patriot Day or September 11th 2014,Thursday
9/16/2014,Stepfamily Day 2014,Tuesday
9/17/2014,Citizenship Day 2014,Wednesday
9/26/2014,Native American Day 2014,Friday
10/13/2014,Columbus Day 2014,Monday
10/16/2014,Boss's Day 2014,Thursday
10/18/2014,Sweetest Day 2014,Saturday
10/31/2014,Halloween 2014,Friday
11/2/2014,Fall Daylight Saving 2014,Sunday
11/11/2014,Veterans' Day 2014,Tuesday
11/27/2014,Thanksgiving 2014,Thursday
11/28/2014,Black Friday 2014,Friday
12/1/2014,Cyber Monday 2014,Monday
12/7/2014,Pearl Harbor Remembrance Day 2014,Sunday
12/25/2014,Christmas Day 2014,Thursday
12/31/2014,New Year's Eve 2014,Wednesday
1/1/2015,New Year's Day 2015,Thursday
1/19/2015,Martin Luther King Day 2015,Monday
1/24/2015,Belly Laugh Day 2015,Saturday
2/2/2015,Groundhog Day 2015,Monday
2/12/2015,Lincoln's Birthday 2015,Thursday
2/14/2015,Valentine's Day 2015,Saturday
2/16/2015,Presidents Day and Washington's Birthday 2015,Monday
2/17/2015,Mardi Gras Carnival 2015,Tuesday
3/8/2015,Spring Daylight Saving 2015,Sunday
3/17/2015,St. Patrick's Day 2015,Tuesday
4/1/2015,April Fool's Day 2015,Wednesday
4/3/2015,Good Friday 2015,Friday
4/5/2015,Easter 2015,Sunday
4/6/2015,Easter Monday 2015,Monday
4/22/2015,Earth Day 2015,Wednesday
5/5/2015,Cinco de Mayo 2015,Tuesday
5/10/2015,Mother's Day 2015,Sunday
5/16/2015,Armed Forces Day 2015,Saturday
5/24/2015,Pentecost 2015,Sunday
5/25/2015,Memorial Day 2015,Monday
5/25/2015,Pentecost Monday 2015,Monday
6/14/2015,Flag Day 2015,Sunday
6/21/2015,Father's Day 2015,Sunday
7/4/2015,Independence Day 2015,Saturday
7/26/2015,Parents' Day 2015,Sunday
9/7/2015,Labor Day 2015,Monday
9/11/2015,Patriot Day or September 11th 2015,Friday
9/13/2015,Grandparents' Day 2015,Sunday
9/16/2015,Stepfamily Day 2015,Wednesday
9/17/2015,Citizenship Day 2015,Thursday
9/25/2015,Native American Day 2015,Friday
10/12/2015,Columbus Day 2015,Monday
10/16/2015,Boss's Day 2015,Friday
10/17/2015,Sweetest Day 2015,Saturday
10/31/2015,Halloween 2015,Saturday
11/1/2015,Fall Daylight Saving 2015,Sunday
11/11/2015,Veterans' Day 2015,Wednesday
11/26/2015,Thanksgiving 2015,Thursday
11/27/2015,Black Friday 2015,Friday
11/30/2015,Cyber Monday 2015,Monday
12/7/2015,Pearl Harbor Remembrance Day 2015,Monday
12/25/2015,Christmas Day 2015,Friday
12/31/2015,New Year's Eve 2015,Thursday
1/1/2016,New Year's Day 2016,Friday
1/18/2016,Martin Luther King Day 2016,Monday
1/24/2016,Belly Laugh Day 2016,Sunday
2/2/2016,Groundhog Day 2016,Tuesday
2/9/2016,Mardi Gras Carnival 2016,Tuesday
2/12/2016,Lincoln's Birthday 2016,Friday
2/14/2016,Valentine's Day 2016,Sunday
2/15/2016,Presidents Day and Washington's Birthday 2016,Monday
3/13/2016,Spring Daylight Saving 2016,Sunday
3/17/2016,St. Patrick's Day 2016,Thursday
3/25/2016,Good Friday 2016,Friday
3/27/2016,Easter 2016,Sunday
3/28/2016,Easter Monday 2016,Monday
4/1/2016,April Fool's Day 2016,Friday
4/22/2016,Earth Day 2016,Friday
5/5/2016,Cinco de Mayo 2016,Thursday
5/8/2016,Mother's Day 2016,Sunday
5/15/2016,Pentecost 2016,Sunday
5/16/2016,Pentecost Monday 2016,Monday
5/21/2016,Armed Forces Day 2016,Saturday
5/30/2016,Memorial Day 2016,Monday
6/14/2016,Flag Day 2016,Tuesday
6/19/2016,Father's Day 2016,Sunday
7/4/2016,Independence Day 2016,Monday
7/24/2016,Parents' Day 2016,Sunday
9/5/2016,Labor Day 2016,Monday
9/11/2016,Grandparents' Day 2016,Sunday
9/11/2016,Patriot Day or September 11th 2016,Sunday
9/16/2016,Stepfamily Day 2016,Friday
9/17/2016,Citizenship Day 2016,Saturday
9/23/2016,Native American Day 2016,Friday
10/10/2016,Columbus Day 2016,Monday
10/15/2016,Sweetest Day 2016,Saturday
10/17/2016,Boss's Day 2016,Monday
10/31/2016,Halloween 2016,Monday
11/6/2016,Fall Daylight Saving 2016,Sunday
11/11/2016,Veterans' Day 2016,Friday
11/24/2016,Thanksgiving 2016,Thursday
11/25/2016,Black Friday 2016,Friday
11/28/2016,Cyber Monday 2016,Monday
12/7/2016,Pearl Harbor Remembrance Day 2016,Wednesday
12/25/2016,Christmas Day 2016,Sunday
12/31/2016,New Year's Eve 2016,Saturday
1/1/2017,New Year's Day 2017,Sunday
1/16/2017,Martin Luther King Day 2017,Monday
1/24/2017,Belly Laugh Day 2017,Tuesday
2/2/2017,Groundhog Day 2017,Thursday
2/12/2017,Lincoln's Birthday 2017,Sunday
2/14/2017,Valentine's Day 2017,Tuesday
2/20/2017,Presidents Day and Washington's Birthday 2017,Monday
2/28/2017,Mardi Gras Carnival 2017,Tuesday
3/12/2017,Spring Daylight Saving 2017,Sunday
3/17/2017,St. Patrick's Day 2017,Friday
4/1/2017,April Fool's Day 2017,Saturday
4/14/2017,Good Friday 2017,Friday
4/16/2017,Easter 2017,Sunday
4/17/2017,Easter Monday 2017,Monday
4/22/2017,Earth Day 2017,Saturday
5/5/2017,Cinco de Mayo 2017,Friday
5/14/2017,Mother's Day 2017,Sunday
5/20/2017,Armed Forces Day 2017,Saturday
5/29/2017,Memorial Day 2017,Monday
6/4/2017,Pentecost 2017,Sunday
6/5/2017,Pentecost Monday 2017,Monday
6/14/2017,Flag Day 2017,Wednesday
6/18/2017,Father's Day 2017,Sunday
7/4/2017,Independence Day 2017,Tuesday
7/23/2017,Parents' Day 2017,Sunday
9/4/2017,Labor Day 2017,Monday
9/10/2017,Grandparents' Day 2017,Sunday
9/11/2017,Patriot Day or September 11th 2017,Monday
9/16/2017,Stepfamily Day 2017,Saturday
9/17/2017,Citizenship Day 2017,Sunday
9/22/2017,Native American Day 2017,Friday
10/9/2017,Columbus Day 2017,Monday
10/16/2017,Boss's Day 2017,Monday
10/21/2017,Sweetest Day 2017,Saturday
10/31/2017,Halloween 2017,Tuesday
11/5/2017,Fall Daylight Saving 2017,Sunday
11/11/2017,Veterans' Day 2017,Saturday
11/23/2017,Thanksgiving 2017,Thursday
11/24/2017,Black Friday 2017,Friday
11/27/2017,Cyber Monday 2017,Monday
12/7/2017,Pearl Harbor Remembrance Day 2017,Thursday
12/25/2017,Christmas Day 2017,Monday
12/31/2017,New Year's Eve 2017,Sunday
1/1/2018,New Year's Day 2018,Monday
1/15/2018,Martin Luther King Day 2018,Monday
1/24/2018,Belly Laugh Day 2018,Wednesday
2/2/2018,Groundhog Day 2018,Friday
2/12/2018,Lincoln's Birthday 2018,Monday
2/13/2018,Mardi Gras Carnival 2018,Tuesday
2/14/2018,Valentine's Day 2018,Wednesday
2/19/2018,Presidents Day and Washington's Birthday 2018,Monday
3/11/2018,Spring Daylight Saving 2018,Sunday
3/17/2018,St. Patrick's Day 2018,Saturday
3/30/2018,Good Friday 2018,Friday
4/1/2018,April Fool's Day 2018,Sunday
4/1/2018,Easter 2018,Sunday
4/2/2018,Easter Monday 2018,Monday
4/22/2018,Earth Day 2018,Sunday
5/5/2018,Cinco de Mayo 2018,Saturday
5/13/2018,Mother's Day 2018,Sunday
5/19/2018,Armed Forces Day 2018,Saturday
5/20/2018,Pentecost 2018,Sunday
5/21/2018,Pentecost Monday 2018,Monday
5/28/2018,Memorial Day 2018,Monday
6/14/2018,Flag Day 2018,Thursday
6/17/2018,Father's Day 2018,Sunday
7/4/2018,Independence Day 2018,Wednesday
7/22/2018,Parents' Day 2018,Sunday
9/3/2018,Labor Day 2018,Monday
9/9/2018,Grandparents' Day 2018,Sunday
9/11/2018,Patriot Day or September 11th 2018,Tuesday
9/16/2018,Stepfamily Day 2018,Sunday
9/17/2018,Citizenship Day 2018,Monday
9/28/2018,Native American Day 2018,Friday
10/8/2018,Columbus Day 2018,Monday
10/16/2018,Boss's Day 2018,Tuesday
10/20/2018,Sweetest Day 2018,Saturday
10/31/2018,Halloween 2018,Wednesday
11/4/2018,Fall Daylight Saving 2018,Sunday
11/11/2018,Veterans' Day 2018,Sunday
11/22/2018,Thanksgiving 2018,Thursday
11/23/2018,Black Friday 2018,Friday
11/26/2018,Cyber Monday 2018,Monday
12/7/2018,Pearl Harbor Remembrance Day 2018,Friday
12/25/2018,Christmas Day 2018,Tuesday
12/31/2018,New Year's Eve 2018,Monday
1/1/2019,New Year's Day 2019,Tuesday
1/21/2019,Martin Luther King Day 2019,Monday
1/24/2019,Belly Laugh Day 2019,Thursday
2/2/2019,Groundhog Day 2019,Saturday
2/12/2019,Lincoln's Birthday 2019,Tuesday
2/14/2019,Valentine's Day 2019,Thursday
2/18/2019,Presidents Day and Washington's Birthday 2019,Monday
3/5/2019,Mardi Gras Carnival 2019,Tuesday
3/10/2019,Spring Daylight Saving 2019,Sunday
3/17/2019,St. Patrick's Day 2019,Sunday
4/1/2019,April Fool's Day 2019,Monday
4/19/2019,Good Friday 2019,Friday
4/21/2019,Easter 2019,Sunday
4/22/2019,Easter Monday 2019,Monday
4/22/2019,Earth Day 2019,Monday
5/5/2019,Cinco de Mayo 2019,Sunday
5/12/2019,Mother's Day 2019,Sunday
5/18/2019,Armed Forces Day 2019,Saturday
5/27/2019,Memorial Day 2019,Monday
6/9/2019,Pentecost 2019,Sunday
6/10/2019,Pentecost Monday 2019,Monday
6/14/2019,Flag Day 2019,Friday
6/16/2019,Father's Day 2019,Sunday
7/4/2019,Independence Day 2019,Thursday
7/28/2019,Parents' Day 2019,Sunday
9/2/2019,Labor Day 2019,Monday
9/8/2019,Grandparents' Day 2019,Sunday
9/11/2019,Patriot Day or September 11th 2019,Wednesday
9/16/2019,Stepfamily Day 2019,Monday
9/17/2019,Citizenship Day 2019,Tuesday
9/27/2019,Native American Day 2019,Friday
10/14/2019,Columbus Day 2019,Monday
10/16/2019,Boss's Day 2019,Wednesday
10/19/2019,Sweetest Day 2019,Saturday
10/31/2019,Halloween 2019,Thursday
11/3/2019,Fall Daylight Saving 2019,Sunday
11/11/2019,Veterans' Day 2019,Monday
11/28/2019,Thanksgiving 2019,Thursday
11/29/2019,Black Friday 2019,Friday
12/2/2019,Cyber Monday 2019,Monday
12/7/2019,Pearl Harbor Remembrance Day 2019,Saturday
12/25/2019,Christmas Day 2019,Wednesday
12/31/2019,New Year's Eve 2019,Tuesday
